{"cameraMode":{"drawMode":0,"name":"Shaded","section":"Shading Mode"},"sceneLighting":true,"audioPlay":false,"sceneViewState":{"m_AlwaysRefresh":false,"showFog":true,"showSkybox":true,"showFlares":true,"showImageEffects":true,"showParticleSystems":true,"showVisualEffectGraphs":true,"m_FxEnabled":true},"in2DMode":false,"pivot":{"x":-0.7811182141304016,"y":-1.5608015060424805,"z":-2.863290309906006},"rotation":{"x":0.6826058030128479,"y":-0.01424707192927599,"z":0.013312510214745999,"w":0.7305268049240112},"size":10.776592254638672,"orthographic":false}