{"cameraMode":{"drawMode":0,"name":"Shaded","section":"Shading Mode"},"sceneLighting":true,"audioPlay":false,"sceneViewState":{"m_AlwaysRefresh":false,"showFog":true,"showSkybox":true,"showFlares":true,"showImageEffects":true,"showParticleSystems":true,"showVisualEffectGraphs":true,"m_FxEnabled":true},"in2DMode":false,"pivot":{"x":0.47261905670166018,"y":2.5808677673339845,"z":2.174807071685791},"rotation":{"x":-0.13010671734809876,"y":0.8566594123840332,"z":-0.26247280836105349,"w":-0.4246433973312378},"size":7.430920124053955,"orthographic":false}