{"cameraMode":{"drawMode":0,"name":"Shaded","section":"Shading Mode"},"sceneLighting":true,"audioPlay":false,"sceneViewState":{"m_AlwaysRefresh":false,"showFog":true,"showSkybox":true,"showFlares":true,"showImageEffects":true,"showParticleSystems":true,"showVisualEffectGraphs":true,"m_FxEnabled":true},"in2DMode":false,"pivot":{"x":4.128279209136963,"y":-0.9780046939849854,"z":5.336306095123291},"rotation":{"x":-0.3260267376899719,"y":0.003683202201500535,"z":-0.0012702764943242074,"w":-0.9453532695770264},"size":7.682144641876221,"orthographic":false}